,precision,recall,f1-score,support
0,0.8350515463917526,0.9798387096774194,0.9016697588126159,248.0
1,0.4444444444444444,0.07692307692307693,0.13114754098360656,52.0
accuracy,0.8233333333333334,0.8233333333333334,0.8233333333333334,0.8233333333333334
macro avg,0.6397479954180985,0.5283808933002482,0.5164086498981112,300.0
weighted avg,0.7673463153875525,0.8233333333333334,0.7681125743889209,300.0
